chr,start,stop,score,strand,BP
chrY,143061,148148,0,+,148116
chrY,143061,150833,0,+,150797
chrY,148351,150833,0,+,150797
chrY,150981,155399,0,+,155391
chrY,155536,157314,0,+,157292
chrY,157443,158165,0,+,158143
chrY,157459,158165,0,+,158143
chrY,158321,159701,0,+,159667
chrY,159885,165763,0,+,165760
chrY,166132,169503,0,+,169498
chrY,170137,171190,0,-,170140
chrY,171864,174026,0,-,171864
chrY,174179,174398,0,-,174207
chrY,174547,178085,0,-,174563
chrY,178294,179432,0,-,178339
chrY,179591,180816,0,-,179612
chrY,231983,232417,0,+,232396
chrY,245252,249338,0,-,245282
chrY,249445,249512,0,-,249445
chrY,249631,251499,0,-,249677
chrY,251675,252041,0,-,251693
chrY,252131,252617,0,-,252168
chrY,252666,256250,0,-,252686
chrY,256407,256908,0,-,256442
chrY,256995,257435,0,-,257008
chrY,257510,257968,0,-,257525
chrY,258071,258324,0,-,258079
chrY,258428,272139,0,-,258448
chrY,272325,297102,0,-,272325
chrY,535337,541200,0,+,541189
chrY,541909,545352,0,+,545318
chrY,545561,551555,0,+,551507
chrY,551613,551733,0,+,551683
chrY,551822,555125,0,+,555098
chrY,551822,569519,0,+,569482
chrY,901162,904719,0,+,904669
chrY,1265014,1267663,0,-,1265035
chrY,1265014,1267418,0,-,1265035
chrY,1267581,1271271,0,-,1267621
chrY,1268008,1271271,0,-,1268031
chrY,1271405,1275325,0,-,1271407
chrY,1275492,1277698,0,-,1275534
chrY,1277798,1281448,0,-,1277810
chrY,1277801,1281448,0,-,1277810
chrY,1337772,1343647,0,+,1343630
chrY,1337772,1351570,0,+,1351529
chrY,1343711,1351301,0,+,1351299
chrY,1343711,1351570,0,+,1351529
chrY,1343735,1351570,0,+,1351529
chrY,1351453,1351570,0,+,1351529
chrY,1351672,1354670,0,+,1354622
chrY,1351672,1357411,0,+,1357363
chrY,1354813,1357411,0,+,1357363
chrY,1354813,1356066,0,+,1356066
chrY,1356091,1378732,0,+,1378699
chrY,1357535,1357651,0,+,1357601
chrY,1357781,1359229,0,+,1359183
chrY,1359402,1363220,0,+,1363171
chrY,1359402,1374338,0,+,1374293
chrY,1363354,1364319,0,+,1364284
chrY,1364349,1369383,0,+,1369335
chrY,1369519,1374338,0,+,1374293
chrY,1369519,1372815,0,+,1372805
chrY,1369519,1378294,0,+,1378293
chrY,1369519,1372153,0,+,1372121
chrY,1372255,1372815,0,+,1372805
chrY,1372912,1374338,0,+,1374293
chrY,1374420,1378294,0,+,1378293
chrY,1374420,1374520,0,+,1374483
chrY,1405819,1410620,0,+,1410578
chrY,1410722,1414208,0,+,1414172
chrY,1410722,1420992,0,+,1420942
chrY,1414327,1417323,0,+,1417279
chrY,1417438,1420992,0,+,1420942
chrY,1421125,1421214,0,+,1421213
chrY,1421399,1425113,0,+,1425065
chrY,1425229,1427753,0,+,1427751
chrY,1427780,1434030,0,+,1433980
chrY,1434145,1447551,0,+,1447516
chrY,1447657,1449915,0,+,1449906
chrY,1449997,1451283,0,+,1451240
chrY,1455652,1456171,0,-,1455671
chrY,1456312,1458133,0,-,1456315
chrY,1458620,1460791,0,-,1458639
chrY,1458620,1459084,0,-,1458639
chrY,1459183,1460791,0,-,1459206
chrY,1466117,1467717,0,+,1467675
chrY,1467851,1468259,0,+,1468211
chrY,1471118,1472353,0,+,1472330
chrY,1471118,1472269,0,+,1472223
chrY,1472382,1481624,0,-,1472424
chrY,1472478,1481635,0,+,1481587
chrY,1472478,1481683,0,+,1481663
chrY,1481747,1486865,0,-,1481761
chrY,1481781,1482654,0,+,1482634
chrY,1481781,1482656,0,+,1482634
chrY,1481781,1482641,0,+,1482634
chrY,1487009,1487874,0,-,1487017
chrY,1488007,1490550,0,-,1488055
chrY,1490735,1494417,0,-,1490735
chrY,1494580,1496626,0,-,1494580
chrY,1497014,1501161,0,-,1497016
chrY,1501270,1503914,0,-,1501287
chrY,1503976,1507989,0,-,1503994
chrY,1503976,1504586,0,-,1503994
chrY,1504651,1507989,0,-,1504651
chrY,1504651,1511078,0,-,1504651
chrY,1508037,1511078,0,-,1508037
chrY,1511210,1521640,0,-,1511258
chrY,1511210,1522510,0,-,1511258
chrY,1535475,1605813,0,-,1535510
chrY,1535475,1562985,0,-,1535510
chrY,1660662,1662336,0,+,1662286
chrY,1663117,1664276,0,+,1664255
chrY,1664425,1668084,0,+,1668079
chrY,1668325,1669551,0,+,1669526
chrY,1684161,1692031,0,+,1692030
chrY,1692206,1693161,0,+,1693141
chrY,1693291,1696595,0,+,1696553
chrY,1696664,1698713,0,+,1698663
chrY,1696926,1705134,0,+,1705125
chrY,1698832,1701596,0,+,1701552
chrY,1698832,1702042,0,+,1701992
chrY,1698832,1705330,0,+,1705285
chrY,1701680,1702042,0,+,1701992
chrY,1702183,1705330,0,+,1705285
chrY,1705453,1711695,0,+,1711645
chrY,1801616,1802842,0,+,1802800
chrY,1803089,1810823,0,+,1810779
chrY,1836445,1837327,0,+,1837280
chrY,2089270,2111063,0,-,2089292
chrY,2111271,2134780,0,-,2111292
chrY,2129808,2134780,0,-,2129809
chrY,2134988,2159542,0,-,2135038
chrY,2159644,2276785,0,-,2159656
chrY,2202960,2204425,0,-,2202962
chrY,2276854,2293237,0,-,2276854
chrY,2293345,2368857,0,-,2293368
chrY,2355743,2356828,0,-,2355772
chrY,2358810,2368857,0,-,2358830
chrY,2358813,2368351,0,-,2358830
chrY,2358813,2368857,0,-,2358830
chrY,2477522,2479036,0,+,2479008
chrY,2479079,2480190,0,+,2480158
chrY,2480259,2483856,0,+,2483823
chrY,2481737,2482757,0,-,2481773
chrY,2484010,2486780,0,+,2486748
chrY,2486825,2487469,0,+,2487439
chrY,2487538,2491425,0,+,2491393
chrY,2491494,2494637,0,+,2494589
chrY,2494683,2523067,0,+,2523017
chrY,2559468,2559828,0,+,2559824
chrY,2559468,2582462,0,+,2582449
chrY,2582495,2585645,0,+,2585636
chrY,2582495,2587701,0,+,2587666
chrY,2585693,2587701,0,+,2587666
chrY,2587746,2588396,0,+,2588366
chrY,2588465,2590667,0,+,2590643
chrY,2590715,2591354,0,+,2591306
chrY,2591405,2594300,0,+,2594281
chrY,2594414,2601397,0,+,2601381
chrY,2594414,2606240,0,+,2606208
chrY,2594414,2595333,0,+,2595285
chrY,2595384,2601397,0,+,2601381
chrY,2606297,2608819,0,+,2608816
chrY,2655069,2655074,0,-,2655070
chrY,2655168,2655170,0,-,2655168
chrY,2709668,2710205,0,+,2710205
chrY,2710283,2712117,0,+,2712097
chrY,2712298,2713686,0,+,2713660
chrY,2713784,2722640,0,+,2722633
chrY,2722812,2733128,0,+,2733128
chrY,2733286,2734833,0,+,2734818
chrY,2803487,2821949,0,+,2821946
chrY,2803810,2829114,0,+,2829070
chrY,2803810,2821949,0,+,2821946
chrY,2822038,2829114,0,+,2829070
chrY,2822038,2843135,0,+,2843121
chrY,2829687,2843135,0,+,2843121
chrY,2834980,2849878,0,-,2834996
chrY,2843285,2843551,0,+,2843551
chrY,2843695,2844710,0,+,2844662
chrY,2843695,2845980,0,+,2845964
chrY,2844863,2845980,0,+,2845964
chrY,2846121,2846850,0,+,2846835
chrY,2849968,2870353,0,-,2850012
chrY,2869964,2870353,0,-,2869977
chrY,2870442,2870578,0,-,2870490
chrY,2871258,2947324,0,+,2947322
chrY,2947382,2965035,0,+,2965034
chrY,3447168,3447264,0,+,3447261
chrY,3904761,3968026,0,+,3968026
chrY,4868646,4899946,0,+,4899939
chrY,4900052,4900710,0,+,4900664
chrY,4900769,4924929,0,+,4924924
chrY,4925500,4966255,0,+,4966247
chrY,4968748,5369097,0,+,5369067
chrY,4968748,4972384,0,+,4972371
chrY,5306703,5312576,0,-,5306743
chrY,5369296,5483307,0,+,5483259
chrY,5483316,5491130,0,+,5491123
chrY,5491145,5605312,0,+,5605295
chrY,6110795,6111335,0,-,6110809
chrY,6111481,6111594,0,-,6111509
chrY,6114795,6115396,0,+,6115380
chrY,6115474,6115602,0,+,6115560
chrY,6115714,6115815,0,+,6115768
chrY,6115961,6116056,0,+,6116017
chrY,6115961,6116067,0,+,6116017
chrY,6116149,6116843,0,+,6116823
chrY,6126433,6129984,0,-,6126433
chrY,6130070,6131874,0,-,6130078
chrY,6225478,6226724,0,-,6225478
chrY,6226867,6229368,0,-,6226884
chrY,6258716,6262140,0,+,6262096
chrY,6262300,6269163,0,+,6269159
chrY,6269272,6271628,0,+,6271628
chrY,6271766,6279347,0,+,6279325
chrY,6274964,6276187,0,-,6274988
chrY,6276385,6276505,0,-,6276427
chrY,6276584,6279414,0,-,6276594
chrY,6279571,6280263,0,-,6279596
chrY,6280412,6287805,0,-,6280431
chrY,6287892,6290368,0,-,6287904
chrY,6311676,6315013,0,+,6314983
chrY,6317545,6318486,0,+,6318454
chrY,6318648,6320955,0,+,6320938
chrY,6321030,6321718,0,+,6321672
chrY,6322195,6324112,0,+,6324073
chrY,6324226,6325199,0,+,6325149
chrY,6325455,6325701,0,+,6325652
chrY,6339261,6340853,0,-,6339304
chrY,6341058,6341535,0,-,6341103
chrY,6734119,6736077,0,-,6734157
chrY,6736503,6736772,0,-,6736503
chrY,6736817,6738046,0,-,6736828
chrY,6736817,6736908,0,-,6736828
chrY,6736950,6738046,0,-,6736984
chrY,6738094,6740595,0,-,6738134
chrY,6740661,6742012,0,-,6740661
chrY,6779023,6780128,0,+,6780092
chrY,6780213,6863844,0,+,6863828
chrY,6780213,6846253,0,+,6846211
chrY,6846284,6863844,0,+,6863828
chrY,6846284,6889489,0,+,6889484
chrY,6863939,6889489,0,+,6889484
chrY,6889578,6893075,0,+,6893075
chrY,6893183,6911020,0,+,6911004
chrY,6911166,6931937,0,+,6931904
chrY,6932190,6938236,0,+,6938219
chrY,6938369,6938760,0,+,6938714
chrY,6938902,6939600,0,+,6939552
chrY,6939664,6939773,0,+,6939755
chrY,6939871,6942600,0,+,6942572
chrY,6942661,6948772,0,+,6948763
chrY,6948894,6953938,0,+,6953898
chrY,6954013,6954330,0,+,6954307
chrY,6954458,6955307,0,+,6955293
chrY,6955473,6958129,0,+,6958126
chrY,6958231,6959512,0,+,6959475
chrY,7142519,7171977,0,+,7171935
chrY,7172146,7193946,0,+,7193899
chrY,7194210,7209155,0,+,7209152
chrY,7209275,7224175,0,+,7224143
chrY,7224271,7235396,0,+,7235396
chrY,7235474,7239783,0,+,7239761
chrY,7239930,7243752,0,+,7243738
chrY,7567528,7569227,0,-,7567564
chrY,7611068,7644561,0,-,7611091
chrY,7644748,7644874,0,-,7644748
chrY,7645069,7673535,0,-,7645079
chrY,7673120,7677901,0,+,7677867
chrY,7673645,7677194,0,-,7673694
chrY,8506447,8512172,0,+,8512122
chrY,8512368,8512719,0,+,8512671
chrY,8551473,8551761,0,-,8551508
chrY,8572600,8573143,0,+,8573141
chrY,8651447,8651928,0,-,8651485
chrY,8652244,8657040,0,-,8652270
chrY,8657343,8662901,0,-,8657367
chrY,8662985,8685386,0,-,8663021
chrY,8778101,8779986,0,+,8779973
chrY,8780139,8782133,0,+,8782130
chrY,9167665,9172359,0,-,9167665
chrY,9175622,9176229,0,+,9176215
chrY,9176307,9176435,0,+,9176393
chrY,9176547,9176648,0,+,9176601
chrY,9176794,9176889,0,+,9176850
chrY,9176794,9176900,0,+,9176850
chrY,9176982,9177676,0,+,9177656
chrY,9176982,9177109,0,+,9177092
chrY,9187248,9190798,0,-,9187248
chrY,9190884,9192689,0,-,9190892
chrY,9190957,9192457,0,-,9190957
chrY,9192603,9192689,0,-,9192612
chrY,9192799,9192995,0,-,9192799
chrY,9195688,9215949,0,+,9215899
chrY,9195937,9196544,0,+,9196530
chrY,9196622,9196750,0,+,9196708
chrY,9196862,9217241,0,+,9217194
chrY,9196862,9196963,0,+,9196916
chrY,9197109,9197215,0,+,9197165
chrY,9197109,9197204,0,+,9197165
chrY,9197297,9197424,0,+,9197407
chrY,9197297,9197991,0,+,9197971
chrY,9207525,9211074,0,-,9207525
chrY,9211160,9212969,0,-,9211168
chrY,9211233,9212737,0,-,9211233
chrY,9212619,9212737,0,-,9212669
chrY,9212883,9212969,0,-,9212892
chrY,9213042,9213043,0,-,9213042
chrY,9213079,9213275,0,-,9213079
chrY,9213340,9224459,0,-,9213376
chrY,9213340,9213493,0,-,9213376
chrY,9213539,9213751,0,-,9213566
chrY,9213783,9213968,0,-,9213783
chrY,9214001,9214409,0,-,9214001
chrY,9216150,9216152,0,+,9216150
chrY,9216215,9216822,0,+,9216808
chrY,9216900,9217028,0,+,9216986
chrY,9217140,9217241,0,+,9217194
chrY,9217387,9217493,0,+,9217443
chrY,9217575,9218269,0,+,9218249
chrY,9224505,9232875,0,-,9224553
chrY,9227859,9231414,0,-,9227859
chrY,9231500,9233315,0,-,9231508
chrY,9231573,9233083,0,-,9231573
chrY,9232920,9234327,0,-,9232957
chrY,9232965,9233083,0,-,9233015
chrY,9233229,9233315,0,-,9233238
chrY,9233388,9233389,0,-,9233388
chrY,9233425,9233621,0,-,9233425
chrY,9233686,9233839,0,-,9233722
chrY,9233885,9234097,0,-,9233927
chrY,9234129,9234314,0,-,9234129
chrY,9234347,9234755,0,-,9234347
chrY,9236162,9236423,0,+,9236373
chrY,9236312,9304828,0,+,9304778
chrY,9236561,9237168,0,+,9237154
chrY,9237246,9237374,0,+,9237332
chrY,9237486,9237587,0,+,9237540
chrY,9237486,9306121,0,+,9306074
chrY,9237733,9237839,0,+,9237789
chrY,9237733,9237828,0,+,9237789
chrY,9237921,9238615,0,+,9238595
chrY,9237921,9238048,0,+,9238031
chrY,9293068,9301620,0,-,9293108
chrY,9301502,9301620,0,-,9301552
chrY,9301766,9301852,0,-,9301775
chrY,9301925,9301926,0,-,9301925
chrY,9301962,9302158,0,-,9301962
chrY,9302223,9302376,0,-,9302259
chrY,9302423,9303715,0,-,9302449
chrY,9303730,9311655,0,-,9303773
chrY,9305095,9305702,0,+,9305688
chrY,9305780,9305908,0,+,9305866
chrY,9306020,9306121,0,+,9306074
chrY,9306267,9306373,0,+,9306323
chrY,9306455,9307147,0,+,9307127
chrY,9311705,9323602,0,-,9311717
chrY,9323761,9344026,0,-,9323761
chrY,9325008,9325287,0,+,9325237
chrY,9325425,9326032,0,+,9326018
chrY,9326110,9326238,0,+,9326196
chrY,9326350,9326451,0,+,9326404
chrY,9326597,9326703,0,+,9326653
chrY,9326785,9327479,0,+,9327459
chrY,9337009,9340559,0,-,9337009
chrY,9340645,9342448,0,-,9340653
chrY,9340718,9342216,0,-,9340718
chrY,9342362,9342448,0,-,9342371
chrY,9342558,9342753,0,-,9342558
chrY,9357334,9360884,0,-,9357334
chrY,9360970,9362775,0,-,9360978
chrY,9361043,9362543,0,-,9361043
chrY,9362425,9362543,0,-,9362475
chrY,9362689,9362775,0,-,9362698
chrY,9362848,9362849,0,-,9362848
chrY,9362885,9363081,0,-,9362885
chrY,9363148,9363162,0,-,9363161
chrY,9363219,9363279,0,-,9363226
chrY,9363308,9363786,0,-,9363308
chrY,9363806,9364214,0,-,9363806
chrY,9365621,9365882,0,+,9365832
chrY,9366020,9366627,0,+,9366613
chrY,9366705,9366833,0,+,9366791
chrY,9366945,9367046,0,+,9366999
chrY,9367192,9367298,0,+,9367248
chrY,9367192,9367287,0,+,9367248
chrY,9367380,9368074,0,+,9368054
chrY,9367380,9367507,0,+,9367490
chrY,9374297,9382733,0,-,9374337
chrY,9382879,9382965,0,-,9382888
chrY,9383038,9383039,0,-,9383038
chrY,9383075,9383271,0,-,9383075
chrY,9383336,9383597,0,-,9383372
chrY,9383608,9383768,0,-,9383654
chrY,9383780,9384060,0,-,9383780
chrY,9384106,9384119,0,-,9384115
chrY,9384149,9384256,0,-,9384183
chrY,9384264,9384400,0,-,9384294
chrY,9528844,9529321,0,+,9529321
chrY,9529526,9531118,0,+,9531104
chrY,9544678,9544924,0,-,9544724
chrY,9545180,9546153,0,-,9545228
chrY,9546267,9548184,0,-,9546299
chrY,9548661,9549349,0,-,9548707
chrY,9549424,9551731,0,-,9549433
chrY,9551893,9552834,0,-,9551934
chrY,9555366,9558703,0,-,9555377
chrY,9580010,9582486,0,+,9582485
chrY,9582573,9589957,0,+,9589957
chrY,9590106,9590798,0,+,9590773
chrY,9590955,9593785,0,+,9593741
chrY,9591022,9598603,0,-,9591022
chrY,9593864,9593984,0,+,9593940
chrY,9594182,9595405,0,+,9595404
chrY,9598741,9601097,0,-,9598747
chrY,9601206,9608069,0,-,9601217
chrY,9608229,9611653,0,-,9608229
chrY,9638916,9642382,0,+,9642337
chrY,9642494,9646919,0,+,9646900
chrY,9646994,9647679,0,+,9647678
chrY,9647718,9650808,0,+,9650785
chrY,9651009,9653510,0,+,9653495
chrY,9653653,9654903,0,+,9654901
chrY,9748463,9748576,0,+,9748546
chrY,9748722,9749262,0,+,9749247
chrY,9904218,9904909,0,-,9904224
chrY,13496470,13500643,0,-,13496470
chrY,13500780,13501667,0,-,13500780
chrY,13501776,13505560,0,-,13501824
chrY,13505710,13506552,0,-,13505745
chrY,13506659,13524542,0,-,13506667
chrY,14465942,14467866,0,+,14467864
chrY,14495133,14510474,0,-,14495137
chrY,14510612,14518594,0,-,14510624
chrY,14518736,14518991,0,-,14518736
chrY,14519108,14529688,0,-,14519117
chrY,14774637,14776570,0,+,14776563
chrY,14776617,14798441,0,+,14798400
chrY,14798535,14799392,0,+,14799377
chrY,14813984,14820566,0,+,14820566
chrY,14820626,14821320,0,+,14821270
chrY,14821476,14832521,0,+,14832472
chrY,14832670,14834040,0,+,14833992
chrY,14834120,14837045,0,+,14837018
chrY,14837158,14838507,0,+,14838494
chrY,14838726,14847545,0,+,14847520
chrY,14847661,14847931,0,+,14847900
chrY,14848183,14848344,0,+,14848296
chrY,14848483,14850090,0,+,14850080
chrY,14850243,14851458,0,+,14851410
chrY,14851563,14869121,0,+,14869116
chrY,14869328,14870435,0,+,14870435
chrY,14870572,14872413,0,+,14872398
chrY,14872547,14883001,0,+,14882962
chrY,14883089,14885516,0,+,14885496
chrY,14885859,14887404,0,+,14887357
chrY,14887500,14888582,0,+,14888563
chrY,14888794,14889952,0,+,14889934
chrY,14890193,14890539,0,+,14890491
chrY,14890689,14891459,0,+,14891441
chrY,14891580,14898136,0,+,14898116
chrY,14898267,14898454,0,+,14898438
chrY,14898733,14902339,0,+,14902291
chrY,14902465,14903431,0,+,14903383
chrY,14903557,14904964,0,+,14904959
chrY,14905134,14922113,0,+,14922070
chrY,14922222,14922606,0,+,14922598
chrY,14922753,14923569,0,+,14923522
chrY,14923716,14924764,0,+,14924751
chrY,14924987,14928058,0,+,14928045
chrY,14928279,14930354,0,+,14930329
chrY,14930545,14945613,0,+,14945611
chrY,14945787,14949836,0,+,14949794
chrY,14949978,14951789,0,+,14951769
chrY,14952540,14952935,0,+,14952893
chrY,14953059,14954165,0,+,14954138
chrY,14953059,14954150,0,+,14954138
chrY,14954391,14954988,0,+,14954969
chrY,14955118,14958257,0,+,14958257
chrY,14958443,14958857,0,+,14958843
chrY,14959078,14959163,0,+,14959160
chrY,14959252,14968264,0,+,14968249
chrY,14968421,14968557,0,+,14968520
chrY,14968770,14969490,0,+,14969477
chrY,14969586,14971203,0,+,14971157
chrY,15016325,15016845,0,+,15016795
chrY,15016892,15019447,0,+,15019422
chrY,15019505,15021270,0,+,15021240
chrY,15021318,15023750,0,+,15023734
chrY,15023880,15024638,0,+,15024590
chrY,15024794,15024874,0,+,15024832
chrY,15024974,15025629,0,+,15025603
chrY,15025765,15026475,0,+,15026472
chrY,15026561,15026795,0,+,15026790
chrY,15026894,15026978,0,+,15026932
chrY,15027139,15027541,0,+,15027493
chrY,15027686,15027794,0,+,15027771
chrY,15027939,15028172,0,+,15028166
chrY,15028354,15028428,0,+,15028380
chrY,15028546,15028818,0,+,15028771
chrY,15028972,15029314,0,+,15029290
chrY,15029454,15029954,0,+,15029906
chrY,15271380,15272804,0,-,15271380
chrY,15361762,15362896,0,-,15361777
chrY,15361762,15372157,0,-,15361777
chrY,15363067,15372157,0,-,15363073
chrY,15372284,15409586,0,-,15372323
chrY,15409728,15410836,0,-,15409736
chrY,15411024,15414756,0,-,15411024
chrY,15414871,15417278,0,-,15414871
chrY,15417427,15417917,0,-,15417439
chrY,15417992,15418065,0,-,15418027
chrY,15418130,15435434,0,-,15418130
chrY,15418484,15418625,0,+,15418605
chrY,15418711,15428904,0,+,15428904
chrY,15428910,15429020,0,+,15428990
chrY,15429063,15429067,0,+,15429063
chrY,15435248,15435434,0,-,15435248
chrY,15435270,15435434,0,-,15435270
chrY,15435640,15436480,0,-,15435679
chrY,15436586,15438100,0,-,15436633
chrY,15438230,15447442,0,-,15438230
chrY,15448215,15466882,0,-,15448216
chrY,15448215,15467254,0,-,15448216
chrY,15467278,15467802,0,-,15467293
chrY,15467898,15469756,0,-,15467898
chrY,15469849,15471646,0,-,15469861
chrY,15469849,15470967,0,-,15469861
chrY,15469849,15470343,0,-,15469861
chrY,15470433,15470967,0,-,15470479
chrY,15470433,15471646,0,-,15470479
chrY,15471102,15471646,0,-,15471149
chrY,15471866,15478146,0,-,15471891
chrY,15471866,15472309,0,-,15471891
chrY,15472408,15478146,0,-,15472428
chrY,15478273,15481135,0,-,15478315
chrY,15481229,15505738,0,-,15481258
chrY,15505773,15508797,0,-,15505773
chrY,15508852,15522872,0,-,15508863
chrY,15522993,15526614,0,-,15523003
chrY,15526673,15560896,0,-,15526699
chrY,15560946,15582000,0,-,15560990
chrY,15582109,15591133,0,-,15582116
chrY,15591197,15591393,0,-,15591197
chrY,15816315,15817104,0,+,15817082
chrY,15863885,15864973,0,+,15864930
chrY,15865039,15866519,0,+,15866489
chrY,15866669,15902798,0,+,15902795
chrY,15902846,15966323,0,+,15966309
chrY,15966457,15970396,0,+,15970391
chrY,16098026,16098218,0,-,16098072
chrY,16168271,16168463,0,+,16168417
chrY,16388491,16389229,0,-,16388492
chrY,16635778,16733900,0,+,16733899
chrY,16734471,16831338,0,+,16831296
chrY,16831398,16834996,0,+,16834977
chrY,16835149,16860498,0,+,16860492
chrY,16835149,16845331,0,+,16845281
chrY,16860609,16863560,0,+,16863545
chrY,16863682,16936067,0,+,16936017
chrY,16905867,16910501,0,-,16905867
chrY,16910589,16913155,0,-,16910636
chrY,16913224,16915884,0,-,16913273
chrY,16936253,16941609,0,+,16941609
chrY,16942399,16952292,0,+,16952270
chrY,19612995,19613590,0,+,19613566
chrY,19613640,19624977,0,+,19624927
chrY,19625106,19625353,0,+,19625350
chrY,19625447,19626040,0,+,19626038
chrY,19626211,19626320,0,+,19626310
chrY,19626414,19626688,0,+,19626669
chrY,19665834,19665921,0,-,19665884
chrY,19666006,19667655,0,-,19666014
chrY,19667890,19688582,0,-,19667897
chrY,19688700,19691195,0,-,19688718
chrY,19989709,19989714,0,-,19989712
chrY,19989742,19990177,0,-,19989742
chrY,20139589,20140024,0,+,20140011
chrY,20140052,20140057,0,+,20140054
chrY,20488576,20491076,0,+,20491056
chrY,20491194,20511885,0,+,20511876
chrY,20512120,20513769,0,+,20513764
chrY,20513854,20513941,0,+,20513906
chrY,20553089,20553363,0,-,20553111
chrY,20553457,20553566,0,-,20553481
chrY,20553737,20554330,0,-,20553738
chrY,20554424,20554671,0,-,20554424
chrY,20554800,20566129,0,-,20554800
chrY,20566179,20566774,0,-,20566192
chrY,20653703,20662505,0,+,20662474
chrY,20662937,20691525,0,+,20691504
chrY,20691723,20692373,0,+,20692365
chrY,20692482,20708918,0,+,20708874
chrY,20709186,20709664,0,+,20709639
chrY,20709186,20750421,0,+,20750406
chrY,20709186,20711999,0,+,20711989
chrY,20712109,20712668,0,+,20712661
chrY,20744234,20749297,0,-,20744242
chrY,20749434,20750016,0,-,20749441
chrY,20750130,20750491,0,-,20750152
chrY,20750592,20752265,0,-,20750592
chrY,20891909,20893582,0,+,20893576
chrY,20893683,20894044,0,+,20894035
chrY,20893753,20934991,0,-,20893772
chrY,20894158,20894740,0,+,20894734
chrY,20894877,20899940,0,+,20899932
chrY,20931505,20932068,0,-,20931505
chrY,20932178,20934991,0,-,20932178
chrY,20934513,20934991,0,-,20934541
chrY,20935259,20951696,0,-,20935259
chrY,20951805,20952455,0,-,20951810
chrY,20952653,20981240,0,-,20952674
chrY,20981672,20990470,0,-,20981702
chrY,21034720,21038953,0,-,21034720
chrY,21618750,21620809,0,-,21618750
chrY,21620965,21621174,0,-,21620971
chrY,21621252,21626991,0,-,21621256
chrY,21627113,21628341,0,-,21627129
chrY,21629260,21635790,0,-,21629265
chrY,21636030,21636525,0,-,21636078
chrY,21636789,21642054,0,-,21636804
chrY,21642180,21664917,0,-,21642198
chrY,21737969,21738044,0,-,21737969
chrY,21754700,21755284,0,+,21755236
chrY,21759551,21761624,0,+,21761617
chrY,21761717,21764101,0,+,21764098
chrY,21764197,21765682,0,+,21765668
chrY,21868231,21868326,0,-,21868281
chrY,21868526,21868679,0,-,21868551
chrY,21868749,21869032,0,-,21868792
chrY,21869632,21869819,0,-,21869672
chrY,21869957,21870129,0,-,21869963
chrY,21870309,21870760,0,-,21870309
chrY,21870899,21871336,0,-,21870899
chrY,21871695,21872261,0,-,21871698
chrY,21872358,21877237,0,-,21872359
chrY,21877385,21877500,0,-,21877385
chrY,21877625,21877708,0,-,21877655
chrY,21877890,21878164,0,-,21877890
chrY,21878359,21878481,0,-,21878359
chrY,21878601,21882757,0,-,21878602
chrY,21882920,21883015,0,-,21882920
chrY,21883197,21885226,0,-,21883197
chrY,21883197,21893657,0,-,21883197
chrY,21885319,21893657,0,-,21885320
chrY,21893816,21893931,0,-,21893816
chrY,21894051,21894469,0,-,21894063
chrY,21894628,21897237,0,-,21894639
chrY,21897383,21897506,0,-,21897384
chrY,21897636,21901413,0,-,21897636
chrY,21901548,21903203,0,-,21901548
chrY,21901548,21903620,0,-,21901548
chrY,21903374,21903620,0,-,21903404
chrY,21903743,21905047,0,-,21903791
chrY,21905125,21906270,0,-,21905160
chrY,21906439,21906556,0,-,21906439
chrY,22627708,22628313,0,-,22627708
chrY,22628553,22630074,0,-,22628553
chrY,22630134,22631757,0,-,22630147
chrY,22631867,22669237,0,-,22631908
chrY,22669342,22680156,0,-,22669345
chrY,22737773,22741493,0,+,22741451
chrY,22741577,22744475,0,+,22744450
chrY,22744579,22746359,0,+,22746314
chrY,22744579,22749909,0,+,22749891
chrY,22746410,22749909,0,+,22749891
chrY,22749991,22751369,0,+,22751369
chrY,22751461,22754226,0,+,22754200
chrY,22918052,22918663,0,+,22918616
chrY,22918741,22921753,0,+,22921751
chrY,22921934,22923169,0,+,22923119
chrY,22923267,22930690,0,+,22930690
chrY,22930862,22941394,0,+,22941389
chrY,22941552,22942816,0,+,22942793
chrY,23200930,23204154,0,-,23200971
chrY,23204255,23206484,0,-,23204299
chrY,23545166,23545317,0,-,23545208
chrY,23545682,23545798,0,-,23545682
chrY,23545855,23548117,0,-,23545872
chrY,23557177,23557585,0,-,23557178
chrY,23557674,23557756,0,-,23557677
chrY,23557867,23562808,0,-,23557868
chrY,23562912,23563362,0,-,23562912
chrY,23673371,23675232,0,+,23675190
chrY,23675345,23675819,0,+,23675818
chrY,23675923,23678942,0,+,23678934
chrY,23675923,23702483,0,+,23702475
chrY,23679120,23681035,0,+,23681028
chrY,23681188,23683198,0,+,23683195
chrY,23683313,23684268,0,+,23684255
chrY,23684379,23684820,0,+,23684807
chrY,23684931,23685365,0,+,23685364
chrY,23685476,23686397,0,+,23686384
chrY,23686508,23686595,0,+,23686547
chrY,23686684,23687095,0,+,23687091
chrY,23696912,23698773,0,+,23698731
chrY,23698886,23699360,0,+,23699359
chrY,23699464,23702483,0,+,23702475
chrY,23702661,23704576,0,+,23704569
chrY,23704729,23706739,0,+,23706736
chrY,23706854,23707809,0,+,23707796
chrY,23707920,23708361,0,+,23708348
chrY,23708472,23708906,0,+,23708905
chrY,23709017,23709938,0,+,23709925
chrY,23710049,23710135,0,+,23710087
chrY,23710224,23710635,0,+,23710631
chrY,23745548,23746668,0,-,23745578
chrY,23746760,23749386,0,-,23746807
chrY,23749548,23751157,0,-,23749594
chrY,23751256,23751851,0,-,23751259
chrY,23752013,23756471,0,-,23752023
chrY,24026799,24027210,0,-,24026799
chrY,24026799,24050752,0,-,24026799
chrY,24027299,24028418,0,-,24027299
chrY,24027299,24027386,0,-,24027299
chrY,24027497,24028418,0,-,24027508
chrY,24028529,24028963,0,-,24028540
chrY,24029074,24029515,0,-,24029074
chrY,24029626,24030581,0,-,24029627
chrY,24030696,24032706,0,-,24030709
chrY,24032859,24034774,0,-,24032868
chrY,24034952,24037971,0,-,24034980
chrY,24038075,24038551,0,-,24038075
chrY,24038664,24040525,0,-,24038702
chrY,24050341,24050752,0,-,24050341
chrY,24050841,24050927,0,-,24050841
chrY,24050841,24051959,0,-,24050841
chrY,24051038,24051959,0,-,24051049
chrY,24052070,24052504,0,-,24052081
chrY,24052615,24053056,0,-,24052615
chrY,24053167,24054122,0,-,24053168
chrY,24054237,24056247,0,-,24054250
chrY,24056400,24058315,0,-,24056409
chrY,24058493,24061512,0,-,24058521
chrY,24061616,24062092,0,-,24061616
chrY,24062205,24064066,0,-,24062243
chrY,24218728,24228226,0,-,24218730
chrY,24219905,24228226,0,-,24219905
chrY,24228342,24230917,0,-,24228342
chrY,24231038,24241878,0,-,24231083
chrY,24241965,24242066,0,-,24241976
chrY,24248516,24249031,0,-,24248548
chrY,24249149,24249693,0,-,24249149
chrY,24249890,24250010,0,-,24249899
chrY,24250096,24251896,0,-,24250125
chrY,24252232,24253698,0,-,24252276
chrY,24253788,24267430,0,-,24253834
chrY,24267784,24268214,0,-,24267821
chrY,24268333,24275511,0,-,24268333
chrY,24275597,24275905,0,-,24275597
chrY,24276128,24286096,0,-,24276128
chrY,24286237,24292786,0,-,24286237
chrY,24291226,24291444,0,+,24291396
chrY,24291582,24292739,0,+,24292731
chrY,24291582,24291692,0,+,24291682
chrY,24291791,24292739,0,+,24292731
chrY,24293096,24293430,0,-,24293098
chrY,24315265,24315676,0,-,24315265
chrY,24315765,24315851,0,-,24315765
chrY,24315765,24316885,0,-,24315765
chrY,24315962,24316885,0,-,24315973
chrY,24316996,24317430,0,-,24317007
chrY,24317541,24317981,0,-,24317541
chrY,24318092,24319047,0,-,24318093
chrY,24319162,24321172,0,-,24319205
chrY,24321325,24323240,0,-,24321334
chrY,24321325,24326437,0,-,24321334
chrY,24323418,24326437,0,-,24323446
chrY,24326541,24327007,0,-,24326541
chrY,24327120,24328981,0,-,24327158
chrY,24443935,24444452,0,-,24443966
chrY,24455117,24551590,0,+,24551548
chrY,24455117,24457006,0,+,24456956
chrY,24457119,24457541,0,+,24457492
chrY,24457645,24460639,0,+,24460592
chrY,24549729,24551590,0,+,24551548
chrY,24551703,24552171,0,+,24552170
chrY,24552275,24555298,0,+,24555290
chrY,24552275,24557391,0,+,24557384
chrY,24555476,24557391,0,+,24557384
chrY,24557544,24559554,0,+,24559551
chrY,24559669,24560624,0,+,24560611
chrY,24560735,24561175,0,+,24561162
chrY,24561286,24561720,0,+,24561719
chrY,24561831,24562754,0,+,24562741
chrY,24561831,24562951,0,+,24562903
chrY,24562865,24562951,0,+,24562903
chrY,24563040,24563451,0,+,24563447
chrY,24585287,24585621,0,+,24585597
chrY,24585931,24592478,0,+,24592477
chrY,24585978,24587135,0,-,24586008
chrY,24587273,24587491,0,-,24587284
chrY,24592619,24602581,0,+,24602581
chrY,24602804,24603112,0,+,24603083
chrY,24603198,24610376,0,+,24610374
chrY,24610495,24610925,0,+,24610889
chrY,24611279,24624911,0,+,24624895
chrY,24625001,24626467,0,+,24626417
chrY,24626803,24628603,0,+,24628564
chrY,24628689,24628809,0,+,24628799
chrY,24629006,24629550,0,+,24629550
chrY,24629668,24630183,0,+,24630163
chrY,24636631,24636732,0,+,24636731
chrY,24636819,24647659,0,+,24647611
chrY,24647780,24650355,0,+,24650341
chrY,24650471,24658784,0,+,24658775
chrY,24650471,24659958,0,+,24659951
chrY,24795500,24795953,0,+,24795930
chrY,24796057,24798765,0,+,24798719
chrY,24798943,24800878,0,+,24800867
chrY,24997790,24998756,0,+,24998748
chrY,25082762,25109774,0,+,25109738
chrY,25109850,25111654,0,+,25111634
chrY,25111762,25118430,0,+,25118380
chrY,25130440,25130715,0,+,25130706
chrY,25130838,25133903,0,+,25133855
chrY,25134040,25138449,0,+,25138449
chrY,25138568,25140627,0,+,25140594
chrY,25138568,25143598,0,+,25143592
chrY,25140745,25143598,0,+,25143592
chrY,25143704,25144396,0,+,25144392
chrY,25144521,25151071,0,+,25151036
chrY,25151196,25151290,0,+,25151244
chrY,25276503,25306110,0,-,25276503
chrY,25277358,25281321,0,-,25277394
chrY,25281420,25285993,0,-,25281423
chrY,25281420,25284356,0,-,25281423
chrY,25284428,25285993,0,-,25284432
chrY,25286028,25286772,0,-,25286028
chrY,25286844,25289157,0,-,25286849
chrY,25286844,25298943,0,-,25286849
chrY,25289229,25298943,0,-,25289234
chrY,25299015,25301320,0,-,25299022
chrY,25301392,25303716,0,-,25301397
chrY,25303788,25306099,0,-,25303793
chrY,25306171,25308495,0,-,25306176
chrY,25308567,25310886,0,-,25308572
chrY,25310958,25313331,0,-,25311002
chrY,25313403,25314803,0,-,25313415
chrY,25313403,25325643,0,-,25313415
chrY,25313403,25336491,0,-,25313415
chrY,25314943,25315032,0,-,25314993
chrY,25315096,25315532,0,-,25315107
chrY,25315584,25316144,0,-,25315604
chrY,25316236,25316510,0,-,25316274
chrY,25316657,25325643,0,-,25316665
chrY,25325783,25325872,0,-,25325833
chrY,25325936,25326372,0,-,25325947
chrY,25326424,25326984,0,-,25326444
chrY,25327076,25327350,0,-,25327114
chrY,25327497,25336491,0,-,25327505
chrY,25336631,25336720,0,-,25336681
chrY,25336784,25337220,0,-,25336795
chrY,25337272,25337832,0,-,25337292
chrY,25337924,25338198,0,-,25337962
chrY,25338345,25344944,0,-,25338353
chrY,25365890,25372490,0,+,25372488
chrY,25372637,25372911,0,+,25372881
chrY,25373003,25373563,0,+,25373532
chrY,25373615,25374051,0,+,25374005
chrY,25374115,25374204,0,+,25374204
chrY,25374344,25375744,0,+,25375700
chrY,25375816,25378187,0,+,25378143
chrY,25378259,25380578,0,+,25380568
chrY,25378259,25385356,0,+,25385346
chrY,25380650,25382974,0,+,25382943
chrY,25380650,25387752,0,+,25387721
chrY,25383046,25385356,0,+,25385346
chrY,25383046,25387752,0,+,25387721
chrY,25385428,25387752,0,+,25387721
chrY,25385428,25411853,0,+,25411842
chrY,25387824,25390136,0,+,25390126
chrY,25387824,25394909,0,+,25394903
chrY,25387824,25392532,0,+,25392501
chrY,25390208,25392532,0,+,25392501
chrY,25390208,25399687,0,+,25399656
chrY,25392604,25394909,0,+,25394903
chrY,25394981,25395726,0,+,25395705
chrY,25394981,25402064,0,+,25402058
chrY,25394981,25399687,0,+,25399656
chrY,25394981,25397291,0,+,25397281
chrY,25394981,25411853,0,+,25411842
chrY,25394981,25426159,0,+,25426149
chrY,25397363,25399687,0,+,25399656
chrY,25399759,25402064,0,+,25402058
chrY,25402136,25411853,0,+,25411842
chrY,25402136,25426159,0,+,25426149
chrY,25411925,25414237,0,+,25414226
chrY,25414309,25416622,0,+,25416611
chrY,25416694,25419006,0,+,25418995
chrY,25416694,25426159,0,+,25426149
chrY,25419078,25421390,0,+,25421379
chrY,25421462,25423774,0,+,25423763
chrY,25423846,25426159,0,+,25426149
chrY,25426231,25426975,0,+,25426938
chrY,25427010,25431584,0,+,25431552
chrY,25431683,25435646,0,+,25435642
chrY,25687602,25689537,0,-,25687603
chrY,25689715,25692423,0,-,25689715
chrY,25692527,25692980,0,-,25692552
chrY,25828412,25837903,0,-,25828414
chrY,25838019,25840605,0,-,25838019
chrY,25847492,25850383,0,+,25850369
chrY,25850398,25850558,0,+,25850516
chrY,26191823,26192243,0,-,26191823
chrY,26329652,26332655,0,-,26329652
chrY,26631538,26632504,0,+,26632496
chrY,26716509,26743515,0,+,26743479
chrY,26743591,26745395,0,+,26745375
chrY,26745503,26752171,0,+,26752121
chrY,26764181,26764456,0,+,26764447
chrY,26764579,26767644,0,+,26767596
chrY,26767781,26772190,0,+,26772190
chrY,26772309,26777340,0,+,26777334
chrY,26772309,26774368,0,+,26774335
chrY,26774486,26777340,0,+,26777334
chrY,26777446,26778138,0,+,26778134
chrY,26778263,26784813,0,+,26784778
chrY,26784938,26785032,0,+,26784986
chrY,26784943,26785032,0,+,26784986
chrY,26911072,26915045,0,-,26911108
chrY,26915144,26919716,0,-,26915147
chrY,26919751,26920496,0,-,26919751
chrY,26920568,26930283,0,-,26920573
chrY,26920568,26935040,0,-,26920573
chrY,26929539,26930283,0,-,26929540
chrY,26930355,26935040,0,-,26930362
chrY,26930355,26932660,0,-,26930362
chrY,26932732,26935040,0,-,26932737
chrY,26934296,26935040,0,-,26934297
chrY,26935112,26937417,0,-,26935119
chrY,26935112,26939796,0,-,26935119
chrY,26937489,26939796,0,-,26937494
chrY,26939868,26942173,0,-,26939875
chrY,26939868,26944569,0,-,26939875
chrY,26942245,26944569,0,-,26942250
chrY,26944641,26946959,0,-,26944646
chrY,26947031,26949402,0,-,26947075
chrY,26949474,26950874,0,-,26949486
chrY,26951014,26951103,0,-,26951064
chrY,26951167,26951603,0,-,26951178
chrY,26951655,26952215,0,-,26951655
chrY,26952307,26952581,0,-,26952345
chrY,26952728,26959329,0,-,26952736
chrY,26980276,26997725,0,+,26997723
chrY,26980276,26986877,0,+,26986875
chrY,26987024,26987298,0,+,26987268
chrY,26987390,26987950,0,+,26987919
chrY,26988002,26988438,0,+,26988392
chrY,26988502,26988591,0,+,26988591
chrY,26988731,26997725,0,+,26997723
chrY,26988731,27000979,0,+,27000935
chrY,26997872,26998146,0,+,26998116
chrY,26998238,26998798,0,+,26998767
chrY,26998850,26999286,0,+,26999240
chrY,26999350,26999439,0,+,26999439
chrY,26999579,27000979,0,+,27000935
chrY,27001051,27003422,0,+,27003378
chrY,27003494,27005812,0,+,27005802
chrY,27003494,27010592,0,+,27010582
chrY,27005884,27008208,0,+,27008177
chrY,27008280,27010592,0,+,27010582
chrY,27010664,27012988,0,+,27012957
chrY,27010664,27017745,0,+,27017714
chrY,27010664,27029910,0,+,27029899
chrY,27013060,27015365,0,+,27015359
chrY,27015437,27017745,0,+,27017714
chrY,27015437,27041834,0,+,27041824
chrY,27015437,27029910,0,+,27029899
chrY,27015437,27020122,0,+,27020116
chrY,27017817,27020122,0,+,27020116
chrY,27020194,27041834,0,+,27041824
chrY,27020194,27029910,0,+,27029899
chrY,27029982,27032295,0,+,27032284
chrY,27029982,27041834,0,+,27041824
chrY,27032367,27034680,0,+,27034669
chrY,27034752,27037064,0,+,27037053
chrY,27034752,27041834,0,+,27041824
chrY,27037136,27039449,0,+,27039438
chrY,27039521,27041834,0,+,27041824
chrY,27041906,27042651,0,+,27042614
chrY,27042686,27047258,0,+,27047226
chrY,27047357,27051330,0,+,27051326
chrY,27177369,27177463,0,-,27177408
chrY,27177369,27177458,0,-,27177408
chrY,27177588,27184138,0,-,27177588
chrY,27184263,27184955,0,-,27184263
chrY,27185061,27187915,0,-,27185068
chrY,27185061,27190092,0,-,27185068
chrY,27188033,27190092,0,-,27188050
chrY,27190211,27194620,0,-,27190254
chrY,27194757,27197822,0,-,27194787
chrY,27197945,27198220,0,-,27197952
chrY,27210230,27216880,0,-,27210230
chrY,27216988,27218792,0,-,27217007
chrY,27218868,27245878,0,-,27218904
chrY,27329895,27330860,0,-,27329899
chrY,27525025,27533063,0,-,27525072
chrY,27533232,27540772,0,-,27533251
chrY,27629777,27632780,0,+,27632744
chrY,27770181,27770601,0,+,27770588
chrY,27874740,27876938,0,+,27876888
chrY,27877073,27879430,0,+,27879425
chrY,28111809,28111969,0,-,28111832
chrY,28111984,28114875,0,-,28111984
chrY,28269929,28270382,0,+,28270359
chrY,28270486,28273194,0,+,28273148
chrY,28273372,28275307,0,+,28275296
chrY,59100804,59106433,0,+,59106410
chrY,59214117,59222126,0,+,59222125
chrY,59222216,59230781,0,+,59230733
chrY,59222281,59228291,0,+,59228243
chrY,59222302,59228291,0,+,59228243
chrY,59228349,59230781,0,+,59230733
chrY,59230919,59233166,0,+,59233136
chrY,59233257,59272370,0,+,59272367
chrY,59233257,59252482,0,+,59252432
chrY,59252550,59272370,0,+,59272367
chrY,59272463,59274552,0,+,59274520
chrY,59330458,59334078,0,+,59334061
chrY,59330458,59335576,0,+,59335552
chrY,59334179,59335552,0,+,59335552
chrY,59335690,59336119,0,+,59336080
chrY,59336231,59336354,0,+,59336318
chrY,59336231,59336347,0,+,59336298
chrY,59336526,59337090,0,+,59337084
chrY,59336526,59337119,0,+,59337101
chrY,59337236,59337948,0,+,59337948
chrY,59338150,59338753,0,+,59338723
chrY,59338859,59342486,0,+,59342459
chrY,59338859,59340193,0,+,59340175
chrY,59340278,59342486,0,+,59342459
chrY,59340278,59340569,0,+,59340536
chrY,59348171,59349332,0,-,59348171
chrY,59353819,59354364,0,+,59354332
chrY,59354463,59354669,0,+,59354630
chrY,59354816,59354993,0,+,59354967
chrY,59355130,59355369,0,+,59355337
chrY,59355505,59355682,0,+,59355655
chrY,59355880,59355972,0,+,59355958
chrY,59355884,59355972,0,+,59355958
chrY,59356131,59356790,0,+,59356746
chrY,59356943,59357702,0,+,59357675
chrY,59357771,59357911,0,+,59357892
